{"cameraMode":{"drawMode":0,"name":"Shaded","section":"Shading Mode"},"sceneLighting":false,"audioPlay":false,"sceneViewState":{"m_AlwaysRefresh":false,"showFog":true,"showSkybox":false,"showFlares":true,"showImageEffects":true,"showParticleSystems":true,"showVisualEffectGraphs":true,"m_FxEnabled":true},"in2DMode":false,"pivot":{"x":-0.26083457469940188,"y":0.975603461265564,"z":0.0865710973739624},"rotation":{"x":-0.03402779623866081,"y":-0.9233559966087341,"z":0.08415607362985611,"w":-0.3731076717376709},"size":0.8662378787994385,"orthographic":false}